{
  "name": "hideshare",
  "title": "hideshare",
  "description": "jQuery plugin for adding social sharing functionality. Requires that Font-Awesome fonts and CSS be installed.",
  "version": "0.1.2",
  "homepage": "https://github.com/arnonate/hideshare",
  "author": {
    "name": "Nate Arnold",
    "email": "hello@natearnold.me",
    "url": "http://natearnold.me"
  },
  "repository": {
    "type": "git",
    "url": "git://github.com/arnonate/hideshare"
  },
  "bugs": "https://github.com/arnonate/hideshare/issues",
  "licenses": [
    {
      "type": "MIT",
      "url": "https://github.com/arnonate/hideshare/blob/master/LICENSE-MIT"
    }
  ],
  "dependencies": {
    "jquery": "*",
    "font-awesome": "4.0.3"
  },
  "keywords": []
}
